{"cameraMode":{"drawMode":0,"name":"Shaded","section":"Shading Mode"},"sceneLighting":true,"audioPlay":false,"sceneViewState":{"m_AlwaysRefresh":false,"showFog":true,"showSkybox":true,"showFlares":true,"showImageEffects":true,"showParticleSystems":true,"showVisualEffectGraphs":true,"m_FxEnabled":true},"in2DMode":false,"pivot":{"x":0.3189714252948761,"y":3.3401057720184328,"z":-7.718634128570557},"rotation":{"x":-0.21299156546592713,"y":-0.03897548094391823,"z":0.00850340910255909,"w":-0.9762386679649353},"size":3.007478713989258,"orthographic":false}