{"cameraMode":{"drawMode":0,"name":"Shaded","section":"Shading Mode"},"sceneLighting":true,"audioPlay":false,"sceneViewState":{"m_AlwaysRefresh":false,"showFog":true,"showSkybox":true,"showFlares":true,"showImageEffects":true,"showParticleSystems":true,"showVisualEffectGraphs":true,"m_FxEnabled":true},"in2DMode":false,"pivot":{"x":0.763026237487793,"y":-128.8402099609375,"z":94.80829620361328},"rotation":{"x":0.4631846845149994,"y":-0.026512283831834794,"z":0.013883317820727826,"w":0.8857789039611816},"size":83.26737976074219,"orthographic":false}