{"cameraMode":{"drawMode":0,"name":"Shaded","section":"Shading Mode"},"sceneLighting":true,"audioPlay":false,"sceneViewState":{"m_AlwaysRefresh":false,"showFog":true,"showSkybox":true,"showFlares":true,"showImageEffects":true,"showParticleSystems":true,"showVisualEffectGraphs":true,"m_FxEnabled":true},"in2DMode":false,"pivot":{"x":1.152783751487732,"y":1.2658473253250123,"z":-2.5876553058624269},"rotation":{"x":-0.015899356454610826,"y":0.9831811785697937,"z":-0.10541434586048126,"w":-0.14829079806804658},"size":0.9432761073112488,"orthographic":false}