{"cameraMode":{"drawMode":0,"name":"Shaded","section":"Shading Mode"},"sceneLighting":true,"audioPlay":false,"sceneViewState":{"m_AlwaysRefresh":false,"showFog":true,"showSkybox":true,"showFlares":true,"showImageEffects":true,"showParticleSystems":true,"showVisualEffectGraphs":true,"m_FxEnabled":true},"in2DMode":false,"pivot":{"x":0.5129640102386475,"y":-91.98260498046875,"z":115.19139099121094},"rotation":{"x":0.3384913504123688,"y":-0.004163194447755814,"z":0.0015185314696282149,"w":0.940979540348053},"size":90.24790954589844,"orthographic":false}